<?xml version="1.0" encoding="UTF-8"?>
<teamcity-plugin xmlns:xsi="http://www.w3.org/2001/XMLSchema-instance"
                 xsi:noNamespaceSchemaLocation="urn:shemas-jetbrains-com:teamcity-plugin-v1-xml">
  <info>
    <name>investigations-auto-assigner</name>
    <display-name>Investigations Auto-Assigner</display-name>
    <version>SNAPSHOT-201702121155</version>
    <vendor>
      <name>JetBrains, s.r.o.</name>
      <url>http://www.jetbrains.com</url>
    </vendor>
  </info>
  <deployment use-separate-classloader="true"/>
</teamcity-plugin>
